{
    "prestamos":[
        {
            "nombre_libro":"Cien A\u00f1os de Soledad",
            "veces_prestado": 0
        },
        {
            "nombre_libro":"La Casa de los Esp\u00edritus",
            "veces_prestado": 0
        },
        {
            "nombre_libro":"Rayuela",
            "veces_prestado": 0
        },
        {
            "nombre_libro":"La Ciudad y los Perros",
            "veces_prestado": 0
        },
        {
            "nombre_libro":"La Sombra del Viento",
            "veces_prestado": 5
        },
        {
            "nombre_libro":"Ficciones",
            "veces_prestado": 2
        },
        {
            "nombre_libro":"Don Quijote de la Mancha",
            "veces_prestado": 1
        },
        {
            "nombre_libro":"Veinte Poemas de Amor y una Canci\u00f3n Desesperada",
            "veces_prestado": 7
        },
        {
            "nombre_libro": "Bodas de Sangre",
            "veces_prestado": 0
        },
        {
            "nombre_libro":"El Laberinto de la Soledad",
            "veces_prestado": 1
        },
        {
            "nombre_libro":"El Amor en los Tiempos del C\u00f3lera",
            "veces_prestado": 1
        },
        {
            "nombre_libro":"Eva Luna",
            "veces_prestado": 1
        },
        {
            "nombre_libro":"Bestiario",
            "veces_prestado": 1
        },
        {
            "nombre_libro":"La Fiesta del Chivo",
            "veces_prestado": 1
        },
        {
            "nombre_libro":"El Juego del \u00c1ngel",
            "veces_prestado": 1
        }, 
        {
            "nombre_libro": "El Aleph",
            "veces_prestado": 2
        },
        {
            "nombre_libro":"Novelas Ejemplares",
            "veces_prestado": 1
        },
        {
            "nombre_libro":"Residencia en la Tierra",
            "veces_prestado":1
        },
        {
            "nombre_libro":"La Casa de Bernarda Alba",
            "veces_prestado": 2
        },
        {
            "nombre_libro":"Piedra de Sol",
            "veces_prestado": 3
        }
        
    ]
}